hook_base,target_version,target_file
ğŸ“‹ useLieuDelete,useLieuDelete,src/hooks/lieux/useLieuDelete.js
ğŸ“‹ useLieuDetails,useLieuDetails,src/hooks/lieux/useLieuDetails.js
ğŸ“‹ useLieuForm,useLieuForm,src/hooks/lieux/useLieuForm.js
ğŸ“‹ useLieuSearch,useLieuSearch,src/hooks/lieux/useLieuSearch.js
ğŸ“‹ useLieuxFilters,useLieuxFilters,src/hooks/lieux/useLieuxFilters.js
ğŸ“‹ useArtisteDetails,useArtisteDetails,src/hooks/artistes/useArtisteDetails.js
ğŸ“‹ useArtisteSearch,useArtisteSearch,src/hooks/artistes/useArtisteSearch.js
ğŸ“‹ useArtistesList,useArtistesList,src/hooks/artistes/useArtistesList.js
ğŸ“‹ useConcertDetails,useConcertDetails,src/hooks/concerts/useConcertDetails.js
ğŸ“‹ useConcertForm,useConcertForm,src/hooks/concerts/useConcertForm.js
ğŸ“‹ useConcertStatus,useConcertStatus,src/hooks/concerts/useConcertStatus.js
ğŸ“‹ useDeleteProgrammateur,useDeleteProgrammateur,src/hooks/programmateurs/useDeleteProgrammateur.js
ğŸ“‹ useProgrammateurDetails,useProgrammateurDetails,src/hooks/programmateurs/useProgrammateurDetails.js
ğŸ“‹ useProgrammateurForm,useProgrammateurForm,src/hooks/programmateurs/useProgrammateurForm.js
ğŸ“‹ useProgrammateurSearch,useProgrammateurSearch,src/hooks/programmateurs/useProgrammateurSearch.js
ğŸ“‹ useDeleteStructure,useDeleteStructure,src/hooks/structures/useDeleteStructure.js
ğŸ“‹ useStructureDetails,useStructureDetails,src/hooks/structures/useStructureDetails.js
ğŸ“‹ useStructureForm,useStructureForm,src/hooks/structures/useStructureForm.js
ğŸ“‹ useContratDetails,useContratDetails,src/hooks/contrats/useContratDetails.js
